name,date
DENV-1_IND_826883_1982.gb,2013-04-30
output2\D1Myanmar40553_71_updated_1.gb,2006-12-20
output2\D1Myanmar40553_71_updated_2.gb,2007-12-20
output2\D1Myanmar40553_71_updated_3.gb,2008-12-20
output2\DENV-1_US_BID-V2130_1995_updated_1.gb,2010-01-26
output2\DENV-1_US_BID-V2130_1995_updated_2.gb,2011-01-26
output2\DENV-1_US_BID-V2130_1995_updated_3.gb,2012-01-26
output2\DENV_1_KH_BID_V1988_2003_updated_1.gb,2010-02-02
output2\DENV_1_KH_BID_V1988_2003_updated_2.gb,2011-02-02
output2\DENV_1_KH_BID_V1988_2003_updated_3.gb,2012-2-02
output2\DENV_1_THAI_606147_1960_updated_1.gb,2014-04-30
output2\DENV_1_THAI_606147_1960_updated_2.gb,2015-04-30
output2\DENV_1_THAI_606147_1960_updated_3.gb,2016-04-30
output2\DENV_1_VE_BID_V3561_2006_updated_1.gb,2012-11-19
output2\DENV_1_VE_BID_V3561_2006_updated_2.gb,2013-11-19
output2\DENV_1_VE_BID_V3561_2006_updated_3.gb,2014-11-19
output2\DENV_1_VG_BID_V2937_1985_updated_1.gb,2010-09-30
output2\DENV_1_VG_BID_V2937_1985_updated_2.gb,2011-09-30
output2\DENV_1_VG_BID_V2937_1985_updated_3.gb,2012-09-30
output2\random_sequence1_updated_1.gb,2020-07-11
output2\random_sequence1_updated_2.gb,2021-07-11
output2\random_sequence1_updated_3.gb,2022-07-11
output2\ThD1_0673_80_DENV1_updated_1.gb,2006-11-28
output2\ThD1_0673_80_DENV1_updated_2.gb,2007-11-28
output2\ThD1_0673_80_DENV1_updated_3.gb,2008-11-28
output2\V16007_DENV1_updated_1.gb,2001-03-27
output2\V16007_DENV1_updated_2.gb,2002-03-27
output2\V16007_DENV1_updated_3.gb,2003-03-27
output2\VR_1254_DENV1_updated_1.gb,2009-07-26
output2\VR_1254_DENV1_updated_2.gb,2010-07-26
output2\VR_1254_DENV1_updated_3.gb,2011-07-26